SET GLOBAL event_scheduler="ON"

/* USERS */
INSERT IGNORE INTO `User` (`user_id`, `user_name`, `email`, `name`, `biography`, `password`) VALUES (1, 'dhoeger', 'allison.nader@example.net', 'Edwin Hauck', 'Maiores vitae omnis et enim quibusdam libero omnis. Debitis non dignissimos saepe distinctio ipsa voluptatem. Id est vel aperiam nulla tempore labore quas.', '1');
INSERT IGNORE INTO `User` (`user_id`, `user_name`, `email`, `name`, `biography`, `password`) VALUES (2, 'alubowitz', 'gus.hilll@example.net', 'Claudie Boyle', 'Facere minima totam ex dolorem ipsa. Qui quasi odit ipsam ratione dolorem facere quis.', '1');
INSERT IGNORE INTO `User` (`user_id`, `user_name`, `email`, `name`, `biography`, `password`) VALUES (3, 'orutherford', 'johan06@example.net', 'Pearl Schowalter MD', 'Ab a nihil expedita eum at laudantium iure. Quia et cupiditate excepturi et aut quo alias. Quis placeat alias voluptates nemo cupiditate et quas.', '1');
INSERT IGNORE INTO `User` (`user_id`, `user_name`, `email`, `name`, `biography`, `password`) VALUES (4, 'mueller.destin', 'abdullah.dibbert@example.net', 'Jesse Schiller', 'Nihil eius natus repellendus sequi iste eius accusantium expedita. Iusto ipsam officia et voluptatem distinctio corporis. Dolore enim praesentium ratione corporis id.', '1');
INSERT IGNORE INTO `User` (`user_id`, `user_name`, `email`, `name`, `biography`, `password`) VALUES (5, 'kovacek.ryan', 'jovani.hahn@example.com', 'Mr. Helmer Lubowitz I', 'Pariatur ut corrupti blanditiis eligendi ducimus quo magni. Itaque suscipit sit quam. Libero similique tempore quia molestiae. Ut ut repudiandae necessitatibus quasi molestias quod.', '1');
INSERT IGNORE INTO `User` (`user_id`, `user_name`, `email`, `name`, `biography`, `password`) VALUES (6, 'gerardo03', 'santina.lebsack@example.net', 'Bart Harvey', 'Ab eum recusandae facere aut occaecati et eum quia. Aperiam iure dolor nihil. Iure sunt neque molestiae at cumque. Dolorem harum natus magni perspiciatis aperiam corporis facere amet. Sapiente officiis necessitatibus omnis enim ratione rerum.', '1');
INSERT IGNORE INTO `User` (`user_id`, `user_name`, `email`, `name`, `biography`, `password`) VALUES (7, 'dlesch', 'wsanford@example.com', 'Fannie Bednar', 'Laborum ut maxime et doloribus iste. Repellat tempore incidunt repellendus nesciunt corporis omnis. Nobis nihil consequatur quia eos qui numquam. Dolor accusantium facere vel reiciendis velit molestias aperiam.', '1');
INSERT IGNORE INTO `User` (`user_id`, `user_name`, `email`, `name`, `biography`, `password`) VALUES (8, 'mabel.mosciski', 'kasey.miller@example.com', 'Pearline Goldner V', 'Quae voluptas numquam pariatur reiciendis et qui. Qui quis vero ut et itaque. Aut deleniti vel explicabo eum maxime assumenda reiciendis. Architecto eum labore voluptate sunt minima dolores molestiae.', '1');
INSERT IGNORE INTO `User` (`user_id`, `user_name`, `email`, `name`, `biography`, `password`) VALUES (9, 'newton.lehner', 'akihn@example.net', 'Marc Rath', 'Qui repudiandae ut cum qui at beatae. Suscipit minus est ratione sunt velit harum. In tempore pariatur sequi officia ratione.', '1');
INSERT IGNORE INTO `User` (`user_id`, `user_name`, `email`, `name`, `biography`, `password`) VALUES (10, 'vlarson', 'kassandra.dickens@example.net', 'Prof. Ulices Reichel', 'Ducimus sint beatae facere dolor ea ab occaecati. Magnam assumenda quis rerum suscipit rem repellendus. Et quos consequatur aliquam adipisci eos.', '1');


INSERT IGNORE INTO `User` (`user_id`, `user_name`, `email`, `name`, `biography`, `password`) VALUES (11, 'profmahmut', 'prfmht@example.net', 'Prof Mahmut', 'Facere minima totam ex dolorem ipsa. Qui quasi odit ipsam ratione dolorem facere quis.', '1');
INSERT IGNORE INTO `User` (`user_id`, `user_name`, `email`, `name`, `biography`, `password`) VALUES (12, 'bilalg', 'domdom@example.net', 'Bilal Goregen', 'Ab a nihil expedita eum at laudantium iure. Quia et cupiditate excepturi et aut quo alias. Quis placeat alias voluptates nemo cupiditate et quas.', '1');
INSERT IGNORE INTO `User` (`user_id`, `user_name`, `email`, `name`, `biography`, `password`) VALUES (13, 'dustin', 'duston.dibbert@example.net', 'Dustin Schiller', 'Nihil eius natus repellendus sequi iste eius accusantium expedita. Iusto ipsam officia et voluptatem distinctio corporis. Dolore enim praesentium ratione corporis id.', '1');
INSERT IGNORE INTO `User` (`user_id`, `user_name`, `email`, `name`, `biography`, `password`) VALUES (14, 'kagni', 'kagin.hahn@example.com', 'Mr. Kagni Lsubowitz I', 'Pariatur ut corrupti blanditiis eligendi ducimus quo magni. Itaque suscipit sit quam. Libero similique tempore quia molestiae. Ut ut repudiandae necessitatibus quasi molestias quod.', '1');
INSERT IGNORE INTO `User` (`user_id`, `user_name`, `email`, `name`, `biography`, `password`) VALUES (15, 'ahmtyls', 'ahmet.lebsack@example.net', 'Ahmet Yalis', 'Ab eum recusandae facere aut occaecati et eum quia. Aperiam iure dolor nihil. Iure sunt neque molestiae at cumque. Dolorem harum natus magni perspiciatis aperiam corporis facere amet. Sapiente officiis necessitatibus omnis enim ratione rerum.', '1');
INSERT IGNORE INTO `User` (`user_id`, `user_name`, `email`, `name`, `biography`, `password`) VALUES (16, 'ibolipa', 'ibolipa@example.com', 'Ibrahim Dua Lipa', 'Laborum ut maxime et doloribus iste. Repellat tempore incidunt repellendus nesciunt corporis omnis. Nobis nihil consequatur quia eos qui numquam. Dolor accusantium facere vel reiciendis velit molestias aperiam.', '1');
INSERT IGNORE INTO `User` (`user_id`, `user_name`, `email`, `name`, `biography`, `password`) VALUES (17, 'cfkennedy', 'cckadam.miller@example.com', 'Cihangir Kennedy', 'Quae voluptas numquam pariatur reiciendis et qui. Qui quis vero ut et itaque. Aut deleniti vel explicabo eum maxime assumenda reiciendis. Architecto eum labore voluptate sunt minima dolores molestiae.', '1');
INSERT IGNORE INTO `User` (`user_id`, `user_name`, `email`, `name`, `biography`, `password`) VALUES (18, 'vverss', 'vsds@example.net', 'Vers Rath', 'Qui repudiandae ut cum qui at beatae. Suscipit minus est ratione sunt velit harum. In tempore pariatur sequi officia ratione.', '1');
INSERT IGNORE INTO `User` (`user_id`, `user_name`, `email`, `name`, `biography`, `password`) VALUES (19, 'clarsn', 'calsd.dickens@example.net', 'Prof. Ulrich Clars', 'Ducimus sint beatae facere dolor ea ab occaecati. Magnam assumenda quis rerum suscipit rem repellendus. Et quos consequatur aliquam adipisci eos.', '1');

/* Admin */

INSERT IGNORE INTO `Admin` (`user_id`) VALUES (9);

/* Courier */
INSERT IGNORE INTO `Courier` (`user_id`, `is_verified`, `verifier_id`) VALUES (1, 1, 9);
INSERT IGNORE INTO `Courier` (`user_id`, `is_verified`, `verifier_id`) VALUES (3, 0, NULL);


/* Customer */
INSERT IGNORE INTO `Customer` (`user_id`) VALUES (2);
INSERT IGNORE INTO `Customer` (`user_id`) VALUES (4);
INSERT IGNORE INTO `Customer` (`user_id`) VALUES (5);
INSERT IGNORE INTO `Customer` (`user_id`) VALUES (6);
INSERT IGNORE INTO `Customer` (`user_id`) VALUES (7);
INSERT IGNORE INTO `Customer` (`user_id`) VALUES (8);
INSERT IGNORE INTO `Customer` (`user_id`) VALUES (10);
INSERT IGNORE INTO `Customer` (`user_id`) VALUES (11);
INSERT IGNORE INTO `Customer` (`user_id`) VALUES (12);
INSERT IGNORE INTO `Customer` (`user_id`) VALUES (13);
INSERT IGNORE INTO `Customer` (`user_id`) VALUES (14);
INSERT IGNORE INTO `Customer` (`user_id`) VALUES (15);
INSERT IGNORE INTO `Customer` (`user_id`) VALUES (16);
INSERT IGNORE INTO `Customer` (`user_id`) VALUES (17);
INSERT IGNORE INTO `Customer` (`user_id`) VALUES (18);
INSERT IGNORE INTO `Customer` (`user_id`) VALUES (19);

/*Node*/
INSERT IGNORE INTO `Node` (`nid`, `lat`, `lng`) VALUES (1, -6.68302 , 24.35952);
INSERT IGNORE INTO `Node` (`nid`, `lat`, `lng`) VALUES (2, 10.87839 , -91.83863);
INSERT IGNORE INTO `Node` (`nid`, `lat`, `lng`) VALUES (3, 8.42779 , 177.57205);
INSERT IGNORE INTO `Node` (`nid`, `lat`, `lng`) VALUES (4, 43.26830 , -23.17169);
INSERT IGNORE INTO `Node` (`nid`, `lat`, `lng`) VALUES (5, 27.24452 , -66.41083);
INSERT IGNORE INTO `Node` (`nid`, `lat`, `lng`) VALUES (6, 14.59481 , -106.75431);
INSERT IGNORE INTO `Node` (`nid`, `lat`, `lng`) VALUES (7, 62.17077 , 62.85653);
INSERT IGNORE INTO `Node` (`nid`, `lat`, `lng`) VALUES (8, 39.52520 , -106.31577);


/*Transport
                                                                                                            Courier 1,3
                                                                                                            Customer 2-19 / 1,3,9
*/
INSERT IGNORE INTO `Transport` (`tid`, `customer_id`, `courier_id`, `cargo_weight`, `cargo_size`, `departure_node_id`, `arrival_node_id`) VALUES (1, 2, 1, 20, 350, 1, 2);
INSERT IGNORE INTO `Transport` (`tid`, `customer_id`, `courier_id`, `cargo_weight`, `cargo_size`, `departure_node_id`, `arrival_node_id`) VALUES (2, 4, 3, 10, 200, 3, 4);
INSERT IGNORE INTO `Transport` (`tid`, `customer_id`, `courier_id`, `cargo_weight`, `cargo_size`, `departure_node_id`, `arrival_node_id`) VALUES (3, 5, 1, 15, 300, 5, 6);
INSERT IGNORE INTO `Transport` (`tid`, `customer_id`, `courier_id`, `cargo_weight`, `cargo_size`, `departure_node_id`, `arrival_node_id`) VALUES (4, 6, 3, 35, 370, 7, 8);

